{
  "run_id": "5663c3aa-197b-49e6-b810-f17ef124e911",
  "created_at": "2026-05-22T01:48:36.865276+00:00",
  "dataset": "pmc/v2/trec-cds-2016",
  "num_cases": 1,
  "aggregate": {
    "mean_facet_recall": 0.0,
    "mean_critical_facet_recall": 0.0,
    "mean_evidence_doc_recall": 0.0,
    "mean_citation_precision": 0.0,
    "mean_trace_completeness": 0.42857142857142855,
    "mean_sufficiency_decision_score": 1.0,
    "mean_groundedness_proxy": 0.0,
    "mean_unsupported_penalty": 1.0,
    "mean_unsafe_omission_penalty": 1.0,
    "mean_msas": 0.0,
    "policy_pass_rate": 0.0,
    "degraded_rate": 0.0,
    "error_rate": 1.0
  },
  "cases": [
    {
      "case_id": "1",
      "dataset": "pmc/v2/trec-cds-2016",
      "trace_id": null,
      "session_id": null,
      "policy_passed": false,
      "degraded_mode": null,
      "answer_chars": 0,
      "selected_doc_ids": [],
      "cited_doc_ids": [],
      "selected_chunk_ids": [],
      "gold_doc_ids": [
        "1131908",
        "1750992",
        "2481453",
        "2526415",
        "2577108",
        "2702049",
        "2740091",
        "2769390",
        "2803871",
        "2850185",
        "2988937",
        "2990396",
        "2995092",
        "2999735",
        "3014590",
        "3081857",
        "3113160",
        "3124140",
        "3132123",
        "3140176",
        "3180658",
        "3194090",
        "3205774",
        "3256225",
        "3284077",
        "3286730",
        "3289029",
        "3299279",
        "3350036",
        "3354358",
        "3363052",
        "3363058",
        "3371901",
        "3407781",
        "3429734",
        "3429740",
        "3429741",
        "3429742",
        "3471405",
        "3503351",
        "3518074",
        "3526517",
        "3535727",
        "3551437",
        "3557730",
        "3572955",
        "3584831",
        "3608256",
        "3613943",
        "3635127",
        "3649508",
        "3715331",
        "3716978",
        "3725433",
        "3763584",
        "3797929",
        "3855220",
        "3907202",
        "3959352",
        "3959928",
        "3981409",
        "3981435",
        "3990128",
        "3990148",
        "3999026",
        "4017462",
        "4020130",
        "4056027",
        "4058852",
        "4070603",
        "4130891",
        "4137735",
        "4140002",
        "4154932",
        "4155089",
        "4175623",
        "4180205",
        "4189074",
        "4207378",
        "4212306",
        "4219139",
        "4227380",
        "4248584",
        "4275832",
        "4290653",
        "4300344",
        "4302625",
        "4309677",
        "4359939",
        "4413863",
        "4414754",
        "4435309",
        "4435403",
        "4435406",
        "4440284",
        "4446460",
        "4462464",
        "4471306",
        "4480181",
        "4521113",
        "4529650",
        "4532108",
        "4554498",
        "4556920",
        "4566314",
        "4575013",
        "4593448",
        "4601954",
        "4604673",
        "4612748",
        "4612755",
        "4625701",
        "4625821",
        "4631331",
        "4640374",
        "4651414",
        "4659952",
        "4678475",
        "4724023",
        "4725400",
        "4736815",
        "4748192",
        "4754525",
        "4768653",
        "4770549",
        "4791644",
        "4798841",
        "4798933"
      ],
      "facet_recall": 0.0,
      "critical_facet_recall": 0.0,
      "evidence_doc_recall": 0.0,
      "citation_precision": 0.0,
      "trace_completeness": 0.42857142857142855,
      "sufficiency_decision_score": 1.0,
      "groundedness_proxy": 0.0,
      "unsupported_penalty": 1.0,
      "unsafe_omission_penalty": 1.0,
      "msas": 0.0,
      "errors": [
        "case_failed: "
      ],
      "raw_response": {
        "answer": "",
        "policy_decision": {
          "passed": false
        },
        "citations": [],
        "evidence_bundle": {}
      }
    }
  ],
  "config": {
    "cases_path": "data/trec_cds_2016/cases.jsonl",
    "max_cases": 1,
    "medswin_base_url": "http://localhost:8100",
    "benchmark_org_id": "bench-org",
    "source_policy": "ANY",
    "guideline_only": false,
    "min_evidence_grade": 0.3,
    "clinical_scope": "clinician_cds",
    "ingest_case_context": true,
    "include_patient_context_in_query": false
  }
}